"","1980_1","1980_2","1980_3","1980_4","1980_5","1980_6","1980_7","1980_8","1980_9","1980_10","1980_11","1980_12","1981_1","1981_2","1981_3","1981_4","1981_5","1981_6","1981_7","1981_8","1981_9","1981_10","1981_11","1981_12","1982_1","1982_2","1982_3","1982_4","1982_5","1982_6","1982_7","1982_8","1982_9","1982_10","1982_11","1982_12","1983_1","1983_2","1983_3","1983_4","1983_5","1983_6","1983_7","1983_8","1983_9","1983_10","1983_11","1983_12","1984_1","1984_2","1984_3","1984_4","1984_5","1984_6","1984_7","1984_8","1984_9","1984_10","1984_11","1984_12","1985_1","1985_2","1985_3","1985_4","1985_5","1985_6","1985_7","1985_8","1985_9","1985_10","1985_11","1985_12","1986_1","1986_2","1986_3","1986_4","1986_5","1986_6","1986_7","1986_8","1986_9","1986_10","1986_11","1986_12","1987_1","1987_2","1987_3","1987_4","1987_5","1987_6","1987_7","1987_8","1987_9","1987_10","1987_11","1987_12","1988_1","1988_2","1988_3","1988_4","1988_5","1988_6","1988_7","1988_8","1988_9","1988_10","1988_11","1988_12","1989_1","1989_2","1989_3","1989_4","1989_5","1989_6","1989_7","1989_8","1989_9","1989_10","1989_11","1989_12","1990_1","1990_2","1990_3","1990_4","1990_5","1990_6","1990_7","1990_8","1990_9","1990_10","1990_11","1990_12","1991_1","1991_2","1991_3","1991_4","1991_5","1991_6","1991_7","1991_8","1991_9","1991_10","1991_11","1991_12","1992_1","1992_2","1992_3","1992_4","1992_5","1992_6","1992_7","1992_8","1992_9","1992_10","1992_11","1992_12","1993_1","1993_2","1993_3","1993_4","1993_5","1993_6","1993_7","1993_8","1993_9","1993_10","1993_11","1993_12","1994_1","1994_2","1994_3","1994_4","1994_5","1994_6","1994_7","1994_8","1994_9","1994_10","1994_11","1994_12","1995_1","1995_2","1995_3","1995_4","1995_5","1995_6","1995_7","1995_8","1995_9","1995_10","1995_11","1995_12","1996_1","1996_2","1996_3","1996_4","1996_5","1996_6","1996_7","1996_8","1996_9","1996_10","1996_11","1996_12","1997_1","1997_2","1997_3","1997_4","1997_5","1997_6","1997_7","1997_8","1997_9","1997_10","1997_11","1997_12","1998_1","1998_2","1998_3","1998_4","1998_5","1998_6","1998_7","1998_8","1998_9","1998_10","1998_11","1998_12","1999_1","1999_2","1999_3","1999_4","1999_5","1999_6","1999_7","1999_8","1999_9","1999_10","1999_11","1999_12","2000_1","2000_2","2000_3","2000_4","2000_5","2000_6","2000_7","2000_8","2000_9","2000_10","2000_11","2000_12","2001_1","2001_2","2001_3","2001_4","2001_5","2001_6","2001_7","2001_8","2001_9","2001_10","2001_11","2001_12","2002_1","2002_2","2002_3","2002_4","2002_5","2002_6","2002_7","2002_8","2002_9","2002_10","2002_11","2002_12","2003_1","2003_2","2003_3","2003_4","2003_5","2003_6","2003_7","2003_8","2003_9","2003_10","2003_11","2003_12","2004_1","2004_2","2004_3","2004_4","2004_5","2004_6","2004_7","2004_8","2004_9","2004_10","2004_11","2004_12","2005_1","2005_2","2005_3","2005_4","2005_5","2005_6","2005_7","2005_8","2005_9","2005_10","2005_11","2005_12","2006_1","2006_2","2006_3","2006_4","2006_5","2006_6","2006_7","2006_8","2006_9","2006_10","2006_11","2006_12","2007_1","2007_2","2007_3","2007_4","2007_5","2007_6","2007_7","2007_8","2007_9","2007_10","2007_11","2007_12","2008_1","2008_2","2008_3","2008_4","2008_5","2008_6","2008_7","2008_8","2008_9","2008_10","2008_11","2008_12","2009_1","2009_2","2009_3","2009_4","2009_5","2009_6","2009_7","2009_8","2009_9","2009_10","2009_11","2009_12","2010_1","2010_2","2010_3","2010_4","2010_5","2010_6","2010_7","2010_8","2010_9","2010_10","2010_11","2010_12","2011_1","2011_2","2011_3","2011_4","2011_5","2011_6","2011_7","2011_8","2011_9","2011_10","2011_11","2011_12","2012_1","2012_2","2012_3","2012_4","2012_5","2012_6","2012_7","2012_8","2012_9","2012_10","2012_11","2012_12","2013_1","2013_2","2013_3","2013_4","2013_5","2013_6","2013_7","2013_8","2013_9","2013_10","2013_11","2013_12","2014_1","2014_2","2014_3","2014_4","2014_5","2014_6","2014_7","2014_8","2014_9","2014_10","2014_11","2014_12","2015_1","2015_2","2015_3","2015_4","2015_5","2015_6","2015_7","2015_8","2015_9","2015_10","2015_11","2015_12","2016_1","2016_2","2016_3","2016_4","2016_5","2016_6","2016_7","2016_8","2016_9","2016_10","2016_11","2016_12","2017_1","2017_2","2017_3","2017_4","2017_5","2017_6","2017_7","2017_8","2017_9","2017_10","2017_11","2017_12","2018_1","2018_2","2018_3","2018_4","2018_5","2018_6","2018_7","2018_8","2018_9","2018_10","2018_11","2018_12","2019_1","2019_2","2019_3","2019_4","2019_5","2019_6","2019_7","2019_8","2019_9","2019_10","2019_11","2019_12","2020_1","2020_2","2020_3","2020_4","2020_5","2020_6","2020_7","2020_8","2020_9","2020_10","2020_11","2020_12","2021_1","2021_2","2021_3","2021_4","2021_5","2021_6","2021_7","2021_8","2021_9","2021_10","2021_11","2021_12","2022_1","2022_2","2022_3","2022_4","2022_5","2022_6","2022_7","2022_8","2022_9","2022_10","2022_11","2022_12"
"SCBI_LFDP",56,67,79,52,-42,-49,142,108,-53,-44,0,-2,54,60,66,21,-24,-56,85,-20,-41,35,88,125,52,39,8,-47,37,-44,61,-60,-34,119,170,173,50,30,-22,-34,119,4,72,2,31,209,204,199,42,152,120,51,31,-46,63,78,-32,39,65,14,44,96,38,-37,79,-34,22,-32,-22,119,148,35,41,91,32,37,-6,-65,-37,-9,-56,-16,144,123,98,22,16,84,-8,9,-89,-55,136,9,73,41,47,26,20,13,152,-53,16,7,-19,14,58,14,40,41,88,1,116,-12,-8,-22,2,88,24,27,40,28,47,40,51,-39,45,22,-3,101,6,66,70,13,98,6,-65,-38,-75,-64,1,-7,138,105,38,37,67,95,55,14,25,-43,77,-16,50,131,38,38,160,90,-29,41,-39,-39,10,14,88,92,93,105,144,3,-4,-50,-16,101,-6,-17,72,45,86,16,13,4,44,49,-26,6,-16,81,83,50,149,42,95,-11,76,62,35,25,201,67,98,69,19,16,81,11,-9,12,48,-34,55,-3,207,47,192,139,91,53,32,78,-86,-42,-35,-13,-5,22,95,22,87,38,-15,-56,-39,1,211,22,11,61,95,141,167,114,108,54,80,131,232,81,26,9,93,137,156,93,103,46,70,120,222,80,30,18,92,134,145,71,99,38,61,109,211,79,34,26,90,131,133,52,94,30,51,98,201,78,38,29,89,125,121,41,91,23,42,88,190,76,41,31,87,121,107,28,86,15,32,77,180,74,45,33,86,117,93,17,82,8,23,66,169,73,48,35,84,113,90,5,78,0,14,54,158,72,51,37,83,108,87,-7,73,-8,4,44,147,71,55,38,81,105,85,-19,69,-15,-5,33,136,69,58,36,80,101,142,-7,23,-59,-47,-21,94,6,52,59,31,40,100,126,91,-61,-37,-29,49,94,49,64,32,46,15,51,34,21,85,-35,39,157,26,60,105,43,76,10,61,76,13,-34,-48,138,47,124,44,91,77,28,38,21,17,16,-28,52,43,63,65,36,70,69,-4,17,22,-35,32,58,39,69,129,63,13,31,78,-52,25,-52,83,-13,17,46,91,4,68,23,156,-57,82,19,-28,68,29,16,25,77,58,64,158,104,103,-6,-55,173,50,-5,5,-5,-5,54,140,95,86,68,-61,168,59,-5,5,-6,-18,67,140,100,106,97,-68,163,60,-5,5,-7,-23,80,141,101,110,97,-68,165,69,-5,5,-7,-23,100,141,101,110,97,-68,166,77,-5
"BART_C1P1",23,8,125,91,-22,-10,-30,-17,57,70,101,45,-6,269,12,70,55,66,125,43,80,144,35,109,114,49,91,78,-31,98,-20,-1,46,9,115,45,104,67,129,102,156,-46,-20,86,-20,60,197,185,32,98,101,110,257,92,44,-75,-31,27,98,94,35,63,94,32,41,45,-45,-6,86,69,120,64,202,52,110,13,46,12,58,101,31,16,122,95,76,-17,144,33,26,122,-26,17,94,72,96,45,39,68,24,80,29,-22,0,43,-1,15,125,37,48,47,62,64,137,80,-32,52,56,147,147,40,133,67,53,71,115,123,-39,223,48,144,72,158,65,22,94,58,22,-38,17,184,55,111,58,89,62,70,92,54,-12,-20,84,52,60,27,130,31,74,65,107,86,1,-2,11,21,52,60,117,69,125,20,131,77,43,23,28,9,77,-22,61,68,100,63,56,31,38,-50,59,63,29,215,154,82,195,87,31,224,70,80,151,-88,-3,135,112,195,116,59,130,34,64,-15,87,36,0,0,158,55,148,45,104,19,22,247,37,5,10,81,104,39,174,38,128,-19,73,-16,17,5,244,42,87,36,90,81,89,210,99,21,27,34,44,43,83,128,26,88,98,19,9,41,23,-54,95,28,57,52,72,55,119,134,96,61,-34,-26,62,77,122,76,20,32,72,45,106,-9,37,159,144,175,146,215,12,14,55,88,107,13,72,119,33,22,129,137,51,72,65,163,48,104,7,148,20,296,155,79,139,43,24,44,213,125,34,7,21,241,113,105,68,47,69,161,29,16,83,35,45,147,113,142,55,187,142,86,-2,75,76,134,108,130,141,140,60,67,63,61,119,96,179,73,12,157,92,115,62,50,94,54,-9,108,39,-4,101,129,73,129,47,101,142,166,71,33,-41,251,120,116,65,97,35,10,21,81,125,104,-33,102,133,155,3,164,54,42,58,29,79,88,111,16,76,40,80,31,52,21,75,86,72,95,54,7,-28,143,59,134,57,2,10,65,-7,113,4,-19,70,79,59,114,58,161,58,75,12,9,13,0,-31,104,76,66,46,31,32,122,152,22,57,1,-4,236,64,59,211,286,296,285,192,199,90,128,44,252,0,-14,219,285,296,286,171,179,43,109,14,248,-3,-14,219,276,296,291,163,166,24,98,-4,256,0,-14,219,268,296,292,154,154,6,89,-22,257,0,-14,219,260,296,292,163,160,5,98,-23,256,-1,-14
"BART_C1P2",23,8,125,89,-27,-17,-39,-26,51,68,101,45,-6,269,12,67,49,59,116,35,75,142,34,109,114,49,91,78,-35,94,-26,-5,42,7,115,45,104,67,129,102,154,-52,-26,80,-24,59,197,185,32,98,101,108,254,85,37,-83,-35,24,98,94,35,63,94,31,37,40,-52,-12,81,67,120,64,202,52,110,11,42,7,52,95,27,14,122,95,76,-17,144,31,22,116,-34,10,89,70,96,45,39,68,24,78,25,-27,-9,36,-6,14,124,37,48,47,62,64,132,73,-40,45,51,144,147,40,133,67,52,70,112,117,-46,215,43,142,71,158,65,22,94,56,18,-44,10,177,52,109,58,89,62,70,92,53,-17,-27,78,46,55,25,130,31,74,65,107,85,-3,-8,4,13,48,59,117,69,125,20,131,76,40,16,19,3,73,-24,60,68,100,63,56,30,34,-57,51,56,26,213,154,82,195,87,31,223,66,73,143,-96,-9,133,112,195,116,59,130,33,61,-22,80,29,-4,-2,158,55,148,45,104,17,17,242,30,-2,5,79,104,39,174,38,128,-20,69,-22,9,-1,239,41,87,36,90,81,89,210,97,17,23,29,41,42,83,128,26,88,98,19,6,36,18,-61,91,27,57,52,72,55,119,133,95,57,-40,-32,57,76,122,76,20,32,72,45,104,-13,31,153,141,175,146,215,12,14,55,87,105,10,67,114,29,21,129,137,51,72,65,163,46,98,0,142,16,295,155,79,139,43,24,44,211,121,27,3,18,241,113,105,68,47,69,161,27,11,78,30,41,146,113,142,55,187,142,86,-4,70,70,130,105,129,141,140,60,67,63,60,117,93,175,68,9,156,92,115,62,50,93,52,-13,103,31,-10,96,127,73,129,47,101,142,165,67,27,-49,244,115,114,65,97,35,10,21,79,120,97,-41,94,128,152,3,164,54,42,58,28,74,81,102,9,71,37,80,31,52,21,75,85,67,88,45,-1,-34,140,59,134,57,2,10,64,-13,107,-4,-27,63,78,58,114,58,161,57,74,8,3,5,-8,-37,101,75,66,46,31,32,120,148,16,49,-6,-11,232,64,59,211,286,296,284,187,191,83,120,38,248,0,-14,219,285,296,285,166,171,36,100,7,243,-4,-14,219,276,296,291,159,158,18,89,-10,252,0,-14,219,268,296,291,150,147,0,81,-29,253,-1,-14,219,260,296,291,158,153,0,90,-29,253,-2,-14
"HARV_S",70,80,80,39,5,-7,-42,30,11,203,60,80,73,79,98,32,16,-23,-34,-33,-3,39,50,71,78,138,166,156,114,99,60,-11,11,49,87,165,85,196,303,293,240,236,71,-12,16,53,107,272,95,251,303,280,224,215,53,-33,8,25,99,271,106,280,294,272,202,229,50,-25,-5,32,95,272,112,293,298,268,201,221,51,-20,4,35,105,272,112,293,297,272,206,211,42,-20,-2,42,100,272,112,293,299,277,205,216,36,-42,2,45,98,272,112,293,299,285,203,210,49,-28,-8,28,98,272,112,293,295,276,217,214,41,-35,-2,22,96,270,112,293,294,267,196,216,55,-27,10,33,101,272,112,293,303,285,215,226,60,-19,1,47,105,272,112,293,303,277,209,219,49,-30,6,46,105,272,112,293,303,281,222,213,41,-15,11,35,97,272,112,293,297,287,219,214,40,-28,7,30,108,272,112,293,303,280,219,214,53,-32,-2,36,107,271,112,293,303,284,223,214,53,-25,3,42,106,272,112,293,299,280,208,221,54,-32,-4,38,105,271,112,293,300,280,211,208,41,-27,-9,45,92,272,112,293,300,293,232,237,76,-3,18,52,107,272,112,293,170,21,7,74,-6,-47,60,-4,20,65,53,56,84,84,94,54,-28,24,22,60,127,107,81,82,103,90,116,88,-55,6,85,128,74,154,30,36,82,142,72,11,44,5,158,44,85,99,111,65,120,129,71,59,30,-9,-1,277,104,77,104,51,13,29,83,74,-9,53,30,152,108,49,79,47,108,155,60,0,81,-50,19,86,90,97,72,267,139,97,29,33,130,-26,144,47,89,188,78,36,75,69,95,125,181,-3,-10,156,54,90,68,87,178,-3,-7,18,-34,-17,-2,122,95,76,62,104,145,112,31,53,-54,173,133,142,80,124,59,27,8,30,27,4,-73,32,72,77,9,92,59,63,74,28,83,155,-66,43,22,23,79,86,84,91,116,105,24,-32,125,-39,-33,147,93,134,69,42,48,25,-37,88,8,33,74,20,32,116,40,108,79,53,9,-44,-45,12,25,43,74,90,66,65,78,53,139,43,-29,-1,-9,240,35,71,130,125,97,113,-33,80,62,-45,12,196,64,73,70,75,71,41,-11,-50,22,-48,6,190,62,80,70,75,81,52,7,-46,26,-42,15,201,66,80,70,75,84,54,16,-46,26,-42,16,201,66,80,70,75,84,52,21,-46,26,-42,16,201,66,80
"HARV_BW",70,80,80,36,0,-13,-50,22,5,200,59,80,73,79,97,29,11,-30,-42,-40,-9,35,48,71,78,138,166,155,110,94,53,-17,7,48,86,165,85,196,303,292,238,231,65,-17,12,52,107,272,95,251,303,278,221,209,46,-40,4,21,99,270,106,280,294,270,198,223,43,-32,-11,29,94,272,112,293,298,265,196,215,44,-26,-1,32,105,272,112,293,297,270,202,204,35,-27,-7,40,99,272,112,293,298,275,201,210,27,-50,-3,43,97,272,112,293,299,284,199,203,42,-35,-14,25,97,272,112,293,294,274,214,208,33,-42,-7,19,95,269,112,293,293,264,190,210,49,-34,6,31,101,272,112,293,303,284,211,220,54,-26,-4,45,104,272,112,293,303,275,205,213,42,-38,2,44,104,272,112,293,303,280,218,206,33,-21,7,32,96,272,112,293,296,286,215,208,32,-35,3,27,108,272,112,293,303,278,215,207,46,-40,-7,33,107,271,112,293,303,283,220,208,46,-32,-2,40,106,272,112,293,299,278,204,215,47,-39,-9,36,105,270,112,293,300,278,207,202,33,-33,-14,43,91,272,112,293,299,292,229,232,71,-8,14,51,107,272,112,293,170,20,4,69,-12,-55,56,-6,19,65,53,56,84,83,92,50,-34,18,17,59,127,107,81,82,103,90,114,84,-62,-1,81,127,74,154,30,36,82,141,70,7,38,-1,154,43,85,99,111,65,120,127,70,53,23,-16,-5,276,103,77,104,51,13,28,81,69,-16,47,27,151,107,49,79,47,108,154,57,-4,75,-56,15,84,90,97,72,267,139,96,27,28,123,-31,140,46,89,188,78,36,75,68,93,120,176,-10,-13,155,53,90,68,87,177,-6,-12,11,-42,-25,-7,120,94,76,62,104,145,110,27,48,-62,166,127,140,78,124,59,27,6,28,23,-2,-81,25,67,75,8,92,59,63,74,26,78,149,-75,36,17,20,78,86,84,91,116,103,20,-38,117,-45,-38,144,92,134,69,42,48,24,-42,82,1,26,68,18,31,115,40,108,78,52,6,-49,-53,5,20,40,73,90,66,65,78,51,135,37,-36,-7,-15,236,34,71,130,125,97,112,-38,73,54,-53,6,193,64,73,70,75,70,37,-17,-59,13,-56,0,186,61,80,70,75,80,49,2,-55,17,-50,10,197,65,80,70,75,84,51,11,-55,17,-49,10,198,65,80,70,75,84,51,16,-55,17,-49,10,198,65,80
"DUKE_BW",126,57,159,8,14,-3,-25,-78,26,34,59,42,46,93,47,-45,23,12,5,4,20,57,-6,151,149,153,64,88,57,109,1,-26,-12,97,68,123,77,180,188,115,68,25,-84,-52,4,81,129,209,144,183,166,109,113,-23,123,-61,-45,-20,50,53,139,156,14,-17,48,17,47,79,-75,33,188,50,57,46,52,-26,-15,-81,-43,135,-61,22,88,112,194,140,119,129,-40,-13,-72,-36,100,16,83,104,122,68,54,41,19,-14,-26,38,59,85,99,38,58,187,140,78,90,79,56,10,50,116,78,123,114,124,103,47,155,-55,-58,-28,-62,243,46,93,156,43,151,65,3,-6,37,7,3,-15,46,88,91,84,82,61,37,93,-30,27,-20,98,146,91,161,103,207,93,19,-61,-59,-43,-2,40,62,119,137,104,170,-3,23,48,24,26,12,48,55,43,151,160,63,-13,42,166,12,10,25,191,130,70,155,89,110,64,4,-10,14,35,189,46,102,108,109,98,75,144,3,24,67,-66,10,49,94,107,220,152,168,109,38,-37,-41,-17,-4,8,47,115,159,63,84,66,-29,-34,-23,4,251,56,32,69,187,73,92,108,-9,-23,29,16,104,-23,75,62,73,84,171,28,23,59,82,12,-1,22,13,76,178,51,105,4,9,-28,-23,5,31,185,131,182,84,157,190,181,106,81,67,90,93,55,49,108,62,120,63,50,29,23,8,119,147,18,108,99,92,105,134,65,31,5,49,-24,-62,78,111,160,92,72,46,84,28,173,-22,-4,81,98,201,91,124,91,94,93,-18,15,-4,-106,-26,101,37,131,59,106,119,113,36,-35,13,95,130,33,98,130,65,30,220,22,3,66,232,-44,17,40,285,198,130,143,49,-43,108,-59,-38,-95,6,72,8,220,30,31,65,281,64,-92,0,-64,19,51,121,31,47,58,114,89,25,-52,10,2,135,44,-4,65,160,143,48,62,87,148,178,121,131,39,-7,61,106,86,135,95,22,-61,-56,12,264,2,104,113,106,105,87,62,-49,46,-60,-18,40,101,138,198,78,131,74,35,82,41,27,-39,56,96,15,52,102,22,61,45,54,60,-72,-34,-13,4,32,70,131,42,107,93,8,-11,-95,32,71,34,86,95,148,247,266,205,121,183,-3,45,84,26,91,96,159,254,266,217,118,196,11,65,110,38,95,96,160,254,266,204,96,197,16,81,128,38,95,96,159,254,266,202,84,197,19,96,146,38,95,96
"DUKE_HW",119,49,154,5,13,-3,-23,-76,26,31,53,35,37,86,42,-47,21,13,6,4,19,53,-11,144,147,149,59,83,55,107,1,-27,-14,93,64,119,75,177,184,110,65,23,-82,-51,2,77,125,207,139,178,161,104,110,-24,122,-60,-47,-22,45,48,136,151,9,-21,46,17,47,79,-76,30,184,45,52,41,47,-29,-17,-80,-41,135,-63,18,83,107,189,135,114,124,-42,-13,-71,-35,99,12,78,98,118,63,49,37,17,-16,-25,39,57,81,94,33,52,182,135,74,87,79,57,9,48,112,73,120,110,120,99,44,152,-56,-56,-27,-63,239,41,89,152,38,146,61,2,-6,37,6,1,-18,40,83,86,78,77,57,34,92,-29,26,-21,94,140,85,156,98,202,88,17,-62,-58,-43,-3,37,57,114,133,99,165,-7,20,47,25,26,10,44,50,38,146,155,58,-17,39,166,14,11,22,187,125,65,150,83,104,61,2,-10,14,35,187,43,97,102,104,93,70,140,0,23,68,-66,9,45,88,102,215,147,163,105,35,-37,-40,-17,-5,4,42,110,154,58,80,62,-32,-35,-22,5,249,52,27,63,185,70,88,104,-11,-24,28,15,101,-27,71,61,70,80,167,24,19,58,81,12,-4,18,9,72,176,47,100,1,6,-29,-23,5,29,181,127,180,83,154,186,177,103,80,67,90,91,51,45,105,60,118,59,46,27,22,8,118,145,14,103,96,89,102,130,61,27,3,49,-23,-64,73,107,158,89,56,42,80,-73,203,-22,-47,94,134,197,7,121,89,90,89,-25,4,-6,-111,-31,98,33,125,60,103,115,110,33,-35,12,93,128,29,95,127,63,27,212,11,1,69,229,-44,36,37,281,195,133,139,26,-51,131,-59,-40,-96,8,72,6,220,29,25,75,284,92,-92,2,-69,19,45,121,25,43,54,113,86,20,-46,7,-2,123,39,-11,61,153,138,43,58,84,153,175,118,120,34,-15,57,101,81,129,91,21,-62,-55,12,263,-1,99,108,101,102,83,59,-50,47,-60,-19,39,98,133,194,75,127,69,31,79,40,27,-39,55,93,10,48,97,17,56,43,52,60,-72,-34,-14,1,27,65,126,37,101,89,8,-11,-95,31,69,30,81,93,142,240,261,200,118,180,-4,44,82,22,84,93,154,248,264,212,115,193,9,64,108,33,92,95,154,249,264,200,93,193,13,80,125,34,93,95,154,249,264,198,82,193,16,95,143,34,93,95
"DUKE_EW",123,53,158,11,18,3,-16,-70,33,36,58,39,41,91,47,-41,27,20,13,11,25,58,-6,148,148,151,62,87,60,112,7,-22,-10,97,67,121,76,179,187,113,69,28,-78,-46,6,81,128,208,142,181,164,108,116,-17,129,-55,-42,-17,49,51,137,153,13,-16,51,22,53,85,-72,35,189,48,55,44,51,-25,-12,-74,-35,140,-57,23,87,110,192,137,118,128,-37,-7,-65,-29,105,15,82,102,120,66,53,41,21,-10,-19,45,63,84,99,36,56,185,139,78,92,85,62,15,54,117,77,122,113,123,103,48,158,-50,-51,-22,-57,244,45,92,154,42,150,66,8,0,43,12,7,-14,44,86,89,82,80,62,39,98,-23,31,-15,99,145,88,159,100,205,92,22,-56,-51,-37,3,41,61,117,135,102,169,-2,25,53,32,31,15,49,54,42,149,158,62,-12,45,171,20,17,28,192,128,67,152,86,107,65,7,-4,21,41,192,47,100,106,106,96,75,144,5,29,75,-60,15,50,92,105,218,150,166,110,40,-32,-35,-12,1,8,46,113,157,61,83,66,-26,-30,-16,11,254,56,31,66,186,71,90,107,-8,-19,33,20,105,-23,73,61,72,82,169,27,24,63,85,16,0,21,12,74,177,49,103,5,10,-24,-18,11,33,184,129,181,84,156,188,180,107,84,71,96,94,54,48,107,61,119,62,49,31,27,13,123,149,18,106,98,90,103,132,64,31,8,54,-18,-59,77,110,159,91,71,11,84,28,134,-84,1,129,96,197,90,123,90,93,92,-18,20,7,-95,-18,94,34,130,56,104,118,113,36,-30,17,98,132,32,97,128,64,29,210,9,2,63,232,-39,19,34,285,196,128,138,44,-46,108,-54,-31,-88,18,77,0,212,30,31,69,288,73,-85,19,-54,26,49,123,55,47,59,118,92,31,-40,18,9,134,45,-4,70,161,142,47,58,92,158,186,129,131,40,-8,63,103,84,133,96,27,-55,-49,18,269,3,102,111,104,103,86,63,-45,52,-54,-13,45,102,137,197,76,129,74,35,84,46,33,-33,61,98,14,50,100,21,60,48,57,65,-66,-28,-9,7,30,68,128,41,105,95,13,-5,-89,37,75,35,83,95,147,243,264,205,123,186,2,50,88,27,87,95,157,251,265,216,120,197,14,70,113,38,93,96,158,252,265,204,97,198,19,85,131,39,94,96,158,251,265,202,86,198,22,100,149,39,94,96
"DUKE_EE",120,48,158,17,29,16,-1,-54,46,41,58,35,34,88,46,-34,36,36,29,25,35,64,-5,143,146,149,62,89,71,126,24,-6,0,100,67,120,74,177,186,114,76,41,-58,-27,16,84,127,206,137,179,163,111,124,-3,143,-39,-32,-8,47,51,134,150,15,-10,61,37,69,99,-60,42,192,44,51,43,51,-19,-2,-57,-16,155,-45,29,87,107,188,134,117,131,-26,8,-46,-11,117,17,82,99,116,62,52,45,30,3,-2,62,73,86,98,33,53,182,139,82,99,101,78,30,65,122,77,118,111,122,104,52,167,-37,-33,-5,-46,250,46,90,151,40,150,71,19,14,61,28,18,-9,43,84,85,80,80,65,45,110,-6,44,-4,103,145,85,156,97,204,95,32,-41,-32,-20,16,45,60,113,131,99,169,3,32,69,48,46,25,52,55,40,146,154,63,-7,53,184,37,35,38,197,126,63,148,83,105,69,17,10,37,55,203,52,98,103,103,95,77,146,11,40,92,-46,26,54,90,101,216,148,166,113,51,-16,-17,6,14,13,46,111,155,59,81,72,-18,-17,1,28,265,59,33,64,184,70,91,109,3,-2,50,36,115,-20,71,60,70,80,168,31,32,78,101,35,9,23,13,72,175,47,102,10,17,-7,3,28,46,189,128,179,82,154,188,182,114,97,90,114,104,57,49,104,59,117,62,52,43,42,31,137,159,22,106,96,88,101,131,66,36,22,75,1,-45,81,110,157,89,69,44,88,34,190,80,133,92,98,198,88,121,83,106,110,-86,-142,45,-119,-52,75,34,128,56,110,135,144,101,-10,19,106,143,34,95,133,61,28,213,21,13,88,254,-26,0,42,284,174,118,129,47,-47,108,-56,-35,-87,27,67,5,216,26,28,63,284,75,-73,26,-39,35,40,121,32,47,60,121,94,37,-34,26,19,153,48,-3,61,154,137,44,67,98,166,195,139,150,44,-6,57,99,81,131,102,38,-39,-33,32,281,10,100,109,100,100,86,68,-33,69,-36,3,57,106,139,199,73,127,77,40,92,61,52,-15,75,103,14,48,98,22,60,55,67,79,-47,-12,3,13,30,65,123,42,103,99,27,11,-76,49,83,38,79,89,147,239,257,208,130,192,11,62,96,30,80,88,157,247,261,218,125,202,22,82,121,40,88,92,157,248,261,206,103,203,26,97,138,41,90,92,157,248,261,203,92,203,29,112,156,41,90,92
"DUKE_FACE1",123,50,162,24,37,26,11,-42,57,48,62,39,36,92,50,-26,44,47,40,35,44,70,0,145,146,151,65,92,78,135,34,3,8,105,69,122,75,177,188,116,82,49,-48,-16,24,88,129,207,138,181,166,116,131,7,153,-29,-24,-1,50,54,134,152,19,-4,68,47,79,109,-52,49,197,45,52,45,55,-13,6,-47,-4,165,-36,35,91,108,189,135,120,136,-18,19,-35,0,126,21,86,101,116,64,56,50,37,13,8,73,82,91,102,34,55,184,143,87,105,111,89,40,74,128,80,118,113,125,108,57,174,-27,-22,5,-37,256,50,93,153,42,154,76,28,24,72,38,26,-4,46,87,87,83,83,71,52,119,5,54,5,108,149,87,158,98,206,100,40,-31,-20,-10,25,50,64,115,132,101,173,9,38,79,59,55,32,57,58,42,147,156,66,-2,61,193,48,46,46,203,128,64,149,85,108,75,25,20,48,65,211,58,100,105,104,97,81,150,18,49,103,-36,34,60,93,103,218,150,169,118,59,-6,-6,16,23,19,50,113,157,61,84,78,-11,-7,12,39,272,65,37,66,185,71,94,113,10,7,59,45,122,-16,73,60,70,82,169,35,38,87,110,45,15,27,16,74,176,48,105,15,23,2,14,38,54,193,129,179,82,154,190,185,120,105,99,124,111,60,51,105,59,117,64,55,51,50,41,145,166,26,108,97,89,102,132,70,41,30,86,11,-37,85,112,158,91,69,46,93,39,198,83,133,98,101,200,90,122,84,107,112,-73,-118,52,-103,-40,83,35,129,56,110,136,145,101,0,30,115,150,37,97,133,61,28,215,25,19,96,263,-15,9,45,286,176,119,130,51,-40,118,-44,-22,-74,37,73,8,216,27,31,67,291,83,-62,38,-28,43,46,124,34,49,62,126,99,45,-25,38,29,160,53,-1,63,156,139,46,72,105,175,207,149,157,50,-4,60,99,83,133,108,46,-29,-23,42,289,16,103,111,101,100,90,74,-25,80,-25,14,66,111,143,203,74,128,81,45,99,71,63,-3,85,109,17,49,100,25,64,62,74,88,-36,-2,11,19,33,66,124,46,106,104,36,22,-66,58,90,44,80,90,151,242,257,213,137,198,19,71,104,36,81,89,160,249,261,222,132,208,30,90,127,45,89,92,160,249,261,210,109,208,33,106,145,46,90,92,160,249,261,208,98,208,36,121,163,46,90,92
"DUKE_FACE5",125,52,166,30,45,35,21,-32,66,54,66,41,37,95,54,-20,51,56,50,44,52,76,4,147,146,152,67,96,85,142,43,11,14,109,72,123,75,178,190,119,87,56,-39,-7,30,92,130,207,139,183,169,120,138,16,162,-20,-18,6,53,57,135,153,22,1,75,55,88,117,-45,55,202,46,53,47,58,-7,12,-37,6,173,-28,41,94,110,190,136,122,140,-11,27,-25,9,133,25,89,103,117,66,59,55,43,21,18,83,89,94,105,36,57,186,146,92,111,119,98,49,81,133,83,119,115,128,112,61,181,-19,-13,14,-30,261,53,95,154,44,157,81,35,32,82,47,33,1,48,89,89,85,86,75,58,127,15,62,12,112,152,89,159,99,209,104,47,-23,-10,-1,33,55,67,116,133,103,176,15,44,88,68,64,39,61,62,44,148,157,70,3,67,201,57,55,53,208,130,65,150,87,110,79,32,29,57,73,219,63,103,107,105,99,86,154,24,56,112,-27,41,65,95,104,219,152,172,123,66,3,4,25,31,24,53,115,159,63,86,83,-5,1,22,48,279,69,41,67,185,72,96,116,16,15,67,53,128,-12,74,60,71,83,171,39,44,95,118,53,21,30,18,75,176,49,106,19,28,10,23,47,61,197,131,180,82,155,193,188,125,112,108,133,117,64,54,106,60,118,66,59,57,58,50,153,172,30,110,97,90,103,133,73,46,38,96,20,-30,89,114,158,92,70,48,97,43,206,86,134,104,104,202,91,123,85,109,114,-62,-97,58,-90,-30,90,37,130,57,111,136,146,101,8,39,124,156,40,98,134,62,29,217,29,24,104,271,-6,17,48,288,178,120,131,53,-34,126,-32,-11,-64,45,79,10,217,27,32,70,297,89,-53,48,-19,51,51,127,36,50,63,131,104,52,-17,49,38,166,58,0,66,158,140,48,77,111,184,218,158,163,54,-3,63,100,84,136,113,53,-20,-13,51,297,22,105,113,102,101,92,79,-18,89,-16,22,73,116,146,207,75,130,85,49,105,79,73,6,93,114,20,51,102,28,67,68,81,97,-26,7,18,24,36,68,126,50,109,109,44,31,-58,66,97,48,81,90,154,244,258,217,142,204,26,79,110,41,83,89,162,250,262,226,137,213,36,98,133,49,90,93,163,251,262,213,114,213,39,113,151,50,91,93,163,251,262,211,103,213,41,128,169,50,91,93
"DUKE_FACE6",126,53,168,33,49,39,26,-27,70,57,68,43,38,96,56,-16,55,62,55,49,56,79,7,148,146,153,68,97,88,146,48,15,17,111,73,124,75,178,191,120,90,59,-34,-2,33,93,131,207,140,185,170,122,141,20,166,-15,-14,9,54,59,135,154,24,4,79,59,92,122,-41,58,204,47,54,48,60,-5,16,-32,12,178,-24,44,95,111,190,137,124,142,-7,32,-20,14,137,27,91,104,117,67,61,58,47,25,23,88,93,96,107,37,58,187,147,94,114,124,103,53,85,136,85,119,116,130,113,64,184,-15,-8,19,-26,264,55,96,154,45,159,84,39,36,87,51,36,3,49,90,90,86,88,78,61,131,20,66,16,115,154,90,160,100,210,106,50,-18,-4,4,37,57,68,117,133,103,178,17,47,92,73,68,42,63,64,45,149,157,72,5,71,205,62,60,56,211,132,66,151,87,111,82,35,33,62,78,222,66,104,108,106,101,88,156,27,60,117,-23,45,67,96,105,220,153,173,125,69,8,9,29,36,26,54,116,160,64,87,85,-2,5,27,53,283,71,43,68,185,73,97,117,19,19,71,57,131,-10,75,60,71,84,172,41,46,99,122,58,24,32,20,76,177,50,107,22,31,15,28,51,64,199,131,180,83,155,194,190,127,116,112,137,120,65,55,106,60,118,67,61,61,62,54,157,175,32,111,98,90,104,134,75,48,42,101,25,-26,91,115,158,92,70,49,99,45,209,88,134,106,106,203,91,123,85,110,115,-57,-86,61,-83,-24,94,37,130,57,111,136,146,102,13,44,129,159,41,99,134,62,29,218,31,27,108,275,-1,21,50,289,179,121,132,55,-31,130,-26,-5,-58,49,82,12,217,27,33,72,300,93,-48,53,-14,55,54,129,37,51,64,133,106,56,-12,55,43,169,60,1,67,159,141,49,79,114,188,223,163,167,57,-2,64,101,85,137,115,57,-15,-8,55,301,24,106,114,103,101,94,82,-14,94,-11,27,77,118,148,209,75,130,87,52,108,84,78,11,97,117,22,52,103,30,68,71,85,101,-21,12,22,27,37,68,126,52,110,112,49,36,-54,71,100,51,82,91,156,245,258,220,146,207,30,84,114,43,83,90,164,251,262,228,140,215,39,102,137,51,90,93,164,252,262,215,117,216,42,117,154,52,91,93,164,251,262,213,106,216,44,132,172,52,91,93
"CWT_118",165,55,409,163,142,47,-58,14,89,23,78,23,50,205,95,40,142,22,-14,-41,61,49,98,183,265,221,61,130,31,59,98,-9,109,65,162,282,84,251,174,253,165,148,-19,6,102,145,205,291,113,238,165,181,176,76,140,-15,-53,115,134,67,138,158,29,52,35,59,75,138,-22,25,157,61,44,95,98,-7,72,-54,-42,26,-13,145,240,164,179,203,106,75,25,30,55,-15,159,-16,116,103,191,67,73,112,0,4,15,9,60,75,134,87,112,223,142,97,126,284,216,46,229,101,172,183,180,332,256,43,121,-34,145,33,35,236,40,246,149,140,280,155,107,42,27,118,-27,-29,156,177,118,167,175,60,67,172,-11,253,141,126,346,227,197,125,221,66,55,-41,-20,10,143,18,179,166,221,181,288,169,31,180,111,180,72,128,75,99,218,245,96,16,75,131,31,124,37,247,160,108,353,129,189,111,21,134,64,44,242,18,169,153,213,223,212,193,117,82,97,-55,116,106,84,123,322,237,165,237,-3,139,-57,-12,-14,12,105,144,250,172,157,24,99,144,-25,-40,-15,110,139,91,155,72,121,154,7,38,14,-11,43,-27,228,92,157,129,160,18,49,140,-8,42,152,73,61,86,184,65,191,41,142,33,-7,37,257,105,168,231,62,236,120,159,237,145,198,111,119,44,245,143,85,146,74,80,111,113,62,43,379,3,248,197,93,144,175,146,78,318,281,200,-21,39,183,164,216,65,61,85,24,71,0,37,139,162,166,91,118,65,107,91,-25,115,75,26,-6,76,75,145,169,167,206,63,84,-11,16,161,-37,70,98,227,174,115,168,137,241,-7,97,67,340,247,178,312,193,150,104,67,77,10,-14,15,75,89,176,80,102,119,349,216,33,103,-11,-62,172,49,259,227,158,57,114,129,108,25,148,80,120,121,12,155,353,141,151,176,176,19,158,83,113,118,11,158,102,119,88,128,70,91,101,51,74,144,117,93,115,110,80,166,16,69,86,45,108,216,259,330,109,202,14,35,82,16,80,99,-30,-32,27,93,135,24,162,179,179,61,92,174,-107,-86,-7,61,187,320,329,229,263,117,121,204,-102,-83,-2,63,218,322,334,231,265,155,140,207,-100,-81,2,63,261,327,334,239,272,198,161,214,-93,-73,8,63,294,327,334,239,272,233,173,214,-92,-73,10,63,326,340,347,254,285,280,200,228,-73,-54,29,81
"CWT_218",181,61,420,167,140,42,-67,6,84,27,89,40,50,222,107,40,141,14,-22,-48,58,53,108,191,265,227,68,136,30,55,91,-14,109,69,169,289,86,254,180,259,167,145,-27,-1,101,150,211,292,116,247,174,187,177,71,134,-21,-54,115,143,75,138,166,36,56,35,54,69,133,-24,26,161,64,47,104,106,-4,71,-60,-51,21,-17,147,247,173,183,212,115,81,22,24,47,-23,156,-9,123,112,192,75,82,117,1,-1,8,1,58,82,142,97,121,232,149,103,128,279,209,41,227,104,180,183,189,340,262,48,121,-39,138,26,33,240,47,254,156,149,287,158,104,38,19,115,-30,-29,158,179,120,169,176,59,64,168,-15,247,136,124,346,237,200,136,230,81,54,-45,-26,6,140,18,180,165,222,183,289,165,28,176,107,178,70,128,78,101,221,247,97,14,72,128,27,121,35,247,162,111,355,131,191,111,17,130,59,40,239,17,171,156,215,225,213,192,113,78,92,-59,112,105,86,126,324,238,166,236,-7,135,-62,-15,-18,10,106,146,262,179,154,23,96,140,-30,-45,-18,110,141,93,156,74,122,154,4,34,9,-14,40,-28,229,92,158,130,160,17,46,137,-13,39,150,73,64,88,185,67,192,41,139,29,-12,33,254,104,169,232,62,237,120,159,235,142,194,108,117,44,255,143,86,147,75,80,109,109,58,40,377,2,249,198,94,145,176,145,84,315,278,197,-22,38,184,165,217,66,62,84,22,67,-3,35,140,161,169,93,119,65,109,91,-28,112,72,23,-7,76,77,146,170,169,207,63,82,-14,13,157,-39,70,99,229,175,116,169,138,237,-10,94,63,338,247,181,312,194,151,106,66,75,6,-18,11,71,79,177,80,103,122,350,215,30,97,-17,-67,170,49,261,230,160,60,115,128,103,20,143,75,117,121,16,161,354,146,153,175,173,15,154,79,111,118,14,160,102,123,90,128,66,87,97,46,71,132,132,113,117,111,83,166,13,65,81,41,105,215,250,302,111,208,21,41,83,11,69,90,-34,-32,33,140,143,32,170,181,179,57,84,166,-111,-84,1,63,197,331,334,235,265,119,119,200,-104,-78,9,63,229,334,334,238,267,159,141,203,-101,-76,14,63,270,334,334,246,275,202,162,211,-92,-67,14,63,303,334,334,246,275,237,175,211,-91,-67,14,63,335,347,347,261,288,284,202,225,-73,-48,32,81
"CWT_318",167,60,407,155,129,30,-79,-6,72,16,76,25,50,207,94,29,130,2,-34,-59,47,42,96,188,265,222,60,127,20,45,80,-24,99,60,162,282,85,252,174,252,158,136,-38,-13,92,141,205,292,115,239,165,177,167,60,124,-33,-64,105,134,66,138,160,27,45,24,43,57,122,-34,16,151,63,46,96,97,-14,60,-72,-63,10,-27,138,237,166,181,205,105,71,12,13,35,-35,146,-18,114,104,192,69,72,106,-9,-12,-3,-11,47,72,132,89,113,224,139,93,117,268,198,29,216,94,171,183,181,332,253,39,111,-50,126,15,23,230,37,246,151,141,278,149,94,27,8,96,-42,-35,154,177,119,167,175,57,59,149,-32,226,115,117,342,229,199,126,196,71,46,-55,-39,-8,127,10,179,164,222,182,288,164,25,160,88,162,56,119,72,98,220,247,94,11,65,117,14,102,20,239,160,110,354,131,191,109,11,119,49,28,228,7,169,153,215,224,210,190,108,69,80,-69,102,98,84,124,322,238,167,234,-14,125,-73,-27,-29,1,101,144,251,169,158,19,90,130,-42,-56,-28,103,135,91,156,73,121,153,-2,26,0,-27,32,-34,233,92,158,127,161,15,42,133,-23,28,141,69,59,86,184,67,192,38,135,21,-23,22,241,97,167,232,62,237,119,154,212,62,109,35,84,38,250,143,86,148,71,77,101,98,43,29,367,-4,246,197,93,144,176,143,71,307,267,188,-34,33,182,164,216,66,62,81,17,57,-13,25,135,158,166,91,118,66,107,90,-34,104,65,10,-17,71,75,145,170,169,207,62,79,-24,3,148,-45,66,98,228,175,116,169,137,235,-21,86,56,332,245,177,312,194,151,105,61,68,-4,-30,1,60,71,173,80,103,121,348,212,24,87,-27,-78,163,43,258,227,159,59,112,125,96,11,131,66,109,115,12,159,352,146,154,174,167,7,145,71,103,112,11,159,102,122,89,124,59,78,87,36,62,136,118,93,117,111,82,162,6,56,71,31,96,209,257,329,111,202,12,31,73,0,56,78,-45,-41,24,133,135,23,161,171,168,46,73,155,-121,-94,-8,63,186,321,331,224,254,108,109,188,-115,-89,-1,63,217,325,334,226,256,148,130,193,-112,-87,5,63,260,329,334,236,264,192,152,200,-102,-77,11,63,294,329,334,236,265,227,165,201,-102,-76,12,63,326,342,347,251,278,274,191,215,-83,-58,31,81
"CWT_427",202,71,428,171,146,35,-56,15,91,31,94,38,51,233,109,44,159,8,0,-53,70,64,104,200,285,238,73,144,29,55,92,-14,102,87,214,343,117,257,195,288,189,130,-33,1,121,171,231,318,128,256,176,212,168,71,134,3,-56,121,155,79,154,168,41,57,47,51,82,141,-26,51,192,72,53,109,106,-6,73,-65,-41,37,-8,171,279,208,200,219,126,79,44,34,60,-32,155,-13,141,127,225,90,88,131,10,-6,16,-4,81,82,152,107,133,238,158,113,137,341,240,36,273,120,192,196,196,358,282,50,140,-48,165,20,49,264,51,283,175,154,287,189,137,32,55,157,-30,-32,183,209,135,192,213,78,68,183,-22,274,126,136,397,200,208,134,260,98,66,-44,-45,-8,119,30,207,184,239,207,339,166,37,174,145,200,71,175,89,121,239,265,112,20,80,134,28,145,28,277,188,125,381,141,218,133,27,129,59,58,285,23,205,169,232,249,228,209,142,89,126,-60,122,117,103,137,380,262,202,271,-14,127,-57,-17,-8,15,122,160,283,194,172,31,110,142,-25,-51,-13,130,166,113,175,80,142,180,2,47,13,-7,61,-31,259,101,176,144,171,22,52,176,11,23,162,94,78,97,195,78,216,68,149,26,-11,42,319,120,188,247,79,257,136,179,254,184,210,161,144,53,276,157,97,166,90,94,128,118,82,57,459,8,285,219,103,164,203,180,80,378,286,255,-23,52,212,175,246,76,76,89,24,81,7,50,174,182,198,108,137,71,118,111,-17,126,105,4,-11,106,95,167,180,188,253,84,105,-25,11,194,-30,90,112,268,189,120,200,159,264,-18,87,73,375,282,173,331,206,162,124,72,87,8,-2,26,61,68,194,82,116,132,374,230,23,90,-32,-60,153,66,278,253,181,71,134,150,119,26,157,85,131,136,20,181,397,168,177,203,196,19,172,89,123,132,18,181,114,139,106,147,77,97,109,51,80,159,135,108,133,124,98,189,18,73,89,46,117,239,292,373,124,227,24,46,93,16,79,104,-34,-33,36,153,154,33,185,200,198,66,97,187,-117,-89,0,72,213,363,372,258,294,130,132,222,-111,-85,7,72,248,367,373,260,295,173,154,225,-108,-83,13,72,295,370,373,270,304,223,179,234,-98,-73,17,72,334,370,373,270,304,262,192,235,-97,-72,19,72,370,385,388,286,320,314,222,252,-77,-52,39,92
"CWT_527",250,82,457,193,168,44,-26,42,117,53,120,59,52,270,132,65,197,16,44,-42,102,95,119,212,308,257,92,166,41,70,108,1,105,121,279,417,153,264,222,332,226,123,-25,17,154,206,262,348,140,280,190,257,174,86,147,46,-43,143,182,98,171,180,61,75,78,64,110,165,-13,94,244,82,60,128,119,6,90,-56,-14,70,16,212,332,259,221,237,154,91,84,60,90,-28,168,-4,176,155,263,115,110,163,36,5,41,6,123,98,178,131,160,257,183,139,163,428,290,46,342,154,219,211,218,392,319,65,177,-43,212,30,81,308,70,329,205,170,299,239,188,39,114,201,-18,-24,218,252,156,225,255,107,72,240,-8,321,130,156,452,286,233,151,303,102,85,-32,-56,3,106,56,239,208,258,236,354,214,57,185,207,242,86,241,113,152,264,286,138,26,101,155,49,192,35,324,223,142,410,156,252,164,48,139,72,92,351,44,247,193,250,280,252,233,182,109,179,-48,146,142,127,153,447,288,244,316,-11,131,-37,0,22,33,150,180,326,229,190,40,135,158,0,-38,13,174,211,134,196,88,171,217,9,73,29,19,97,-21,298,112,196,159,183,35,68,233,52,20,187,126,106,110,207,91,246,104,167,50,7,69,415,148,212,263,98,278,158,209,284,244,247,221,167,72,317,171,109,185,112,114,163,140,130,92,566,25,333,254,109,187,233,224,105,463,311,338,-3,78,250,186,284,87,93,107,36,90,38,85,226,212,238,129,156,78,135,137,5,159,155,3,9,151,121,193,196,211,307,111,136,-21,23,252,-6,121,131,315,206,125,240,185,300,-9,93,97,433,327,173,352,220,173,148,93,116,46,37,74,86,72,224,84,130,146,406,257,28,96,-32,-43,210,80,306,287,208,87,164,182,150,48,194,113,164,166,32,211,451,193,202,237,234,40,210,119,155,162,30,210,129,162,129,178,101,125,138,75,106,189,159,129,152,140,120,225,37,99,119,70,147,279,336,429,140,258,39,65,119,37,107,134,-18,-19,52,176,180,49,215,237,235,91,125,226,-108,-81,12,83,247,414,418,301,343,159,163,263,-103,-77,20,83,288,418,418,303,344,206,186,266,-101,-75,26,83,339,418,418,313,354,261,213,277,-90,-64,26,83,382,418,418,313,354,305,228,278,-89,-64,26,83,423,435,435,331,372,365,262,296,-67,-42,47,104
"CWT_UG",202,72,426,166,138,24,-67,4,82,26,92,37,51,234,107,38,153,-4,-9,-63,63,59,100,201,286,238,72,142,22,48,83,-22,95,85,217,347,119,258,197,289,186,122,-42,-8,117,169,232,320,128,257,174,211,162,62,125,-5,-63,116,154,77,155,168,39,53,42,43,73,132,-33,48,190,73,53,109,104,-11,66,-75,-51,29,-16,168,279,210,201,219,126,76,38,25,51,-43,148,-16,140,127,228,91,86,129,5,-15,7,-14,75,80,150,108,134,238,156,110,133,336,231,27,269,117,191,197,196,358,281,46,135,-57,158,10,43,261,49,284,176,153,284,187,132,23,48,151,-38,-37,183,210,136,191,214,76,63,177,-32,268,117,132,398,195,208,134,262,96,60,-53,-57,-19,108,26,208,184,240,208,341,161,32,165,139,192,63,175,86,122,240,267,111,15,74,127,19,137,21,275,189,126,383,142,219,132,20,120,50,50,282,19,205,170,233,249,225,206,138,82,119,-69,114,113,104,138,383,263,204,270,-22,117,-66,-26,-16,10,120,159,283,195,171,26,104,133,-35,-62,-20,127,164,113,175,80,142,180,-4,40,5,-14,57,-35,260,102,177,144,171,19,48,172,5,13,157,93,76,96,196,78,216,66,145,18,-20,34,317,117,188,248,80,258,135,179,251,182,204,158,140,51,276,157,98,166,90,92,125,112,77,51,458,5,286,221,104,165,203,180,76,376,280,250,-30,50,213,176,249,77,76,85,20,76,0,42,172,180,199,108,138,72,117,111,-22,119,101,-8,-18,106,95,167,181,189,255,82,103,-33,3,189,-36,90,113,271,190,120,202,157,262,-26,80,66,371,281,171,332,207,162,124,67,81,-1,-12,17,52,63,192,82,117,131,372,226,16,80,-44,-69,144,63,276,254,181,71,131,145,113,18,148,78,126,133,18,182,399,168,178,200,191,11,164,82,117,128,17,181,115,140,105,143,71,89,100,42,72,154,135,107,134,125,96,186,11,64,81,37,110,236,290,373,125,229,21,42,88,8,70,94,-42,-38,34,153,155,32,185,196,193,58,88,179,-125,-95,-2,73,213,364,375,255,290,125,126,215,-118,-90,6,73,247,369,376,257,291,169,148,218,-116,-88,13,73,295,372,376,268,301,220,173,229,-104,-77,18,73,334,373,376,269,302,259,188,230,-104,-76,19,73,371,388,391,286,318,312,218,245,-83,-56,39,92
"CWT_LG",186,67,413,154,124,14,-84,-12,67,14,80,29,51,220,96,25,136,-14,-30,-74,46,44,92,194,279,229,63,131,10,33,67,-36,85,69,193,321,107,255,185,272,167,115,-56,-26,97,152,219,310,123,248,166,192,154,48,111,-28,-74,101,142,68,149,164,29,42,25,31,53,115,-44,27,169,69,50,101,97,-20,53,-88,-70,9,-32,148,257,192,192,211,114,68,17,8,31,-55,135,-23,126,116,215,81,76,112,-10,-26,-10,-28,53,70,139,99,123,230,143,97,117,299,206,13,238,100,179,192,187,344,265,36,116,-68,132,-2,24,241,39,267,165,146,277,164,106,11,19,106,-53,-43,168,195,128,179,195,62,53,147,-49,231,95,118,369,244,209,130,210,70,44,-67,-66,-26,101,14,195,175,234,194,301,171,23,148,102,166,47,146,77,110,230,257,98,6,61,110,3,108,7,253,175,118,371,134,205,116,7,108,36,31,250,6,188,161,224,237,213,193,119,64,92,-81,99,101,93,131,358,249,185,250,-30,108,-83,-40,-32,-1,109,150,269,182,162,15,90,120,-50,-72,-33,111,149,102,168,76,130,164,-13,23,-11,-33,36,-40,253,98,170,134,165,10,37,150,-19,5,141,79,66,91,191,73,204,47,134,11,-35,16,275,101,178,240,74,249,125,161,212,67,96,45,84,40,262,152,93,160,77,79,104,91,49,30,414,-5,266,215,96,157,191,160,66,341,262,217,-41,38,198,171,235,72,67,77,12,51,-17,23,151,167,185,101,130,69,109,98,-37,103,78,-12,-28,85,86,158,178,180,235,68,86,-42,-10,160,-49,75,105,253,184,118,187,144,243,-36,70,51,350,265,170,325,202,158,112,58,68,-14,-31,-1,56,62,183,82,112,124,358,213,9,72,-49,-89,162,43,265,241,171,63,117,130,96,3,130,62,109,119,12,171,379,157,165,183,174,-2,147,67,102,115,11,171,110,131,94,128,56,75,84,29,58,141,125,99,126,120,85,168,-1,51,67,24,96,220,273,353,119,217,11,30,73,-9,49,74,-57,-48,25,143,144,24,170,178,173,41,68,155,-136,-104,-9,69,198,346,358,237,268,109,109,193,-128,-98,0,70,230,350,361,240,270,152,132,198,-125,-95,7,70,278,355,361,251,279,202,156,207,-114,-84,14,70,315,355,361,252,280,239,170,208,-113,-83,15,70,351,370,376,267,295,290,200,223,-93,-63,36,88
"MARS_F",56,47,68,-18,-30,-47,-61,-73,-42,-10,16,33,52,40,17,-32,-27,-49,-44,-47,-34,-5,5,70,77,70,32,29,-1,27,-36,-38,-23,27,33,57,53,83,83,49,10,-16,-52,-48,-18,26,56,108,67,77,68,28,37,-49,41,-54,-31,-27,30,24,66,70,14,-13,-13,-30,-11,3,-36,-10,79,48,49,37,24,-11,-28,-61,-60,27,-42,-9,31,58,85,67,45,37,-36,-42,-65,-59,9,11,29,48,60,43,22,0,-20,-45,-52,-38,-14,17,33,43,38,79,52,10,10,2,-7,-36,-9,26,27,61,48,50,33,5,54,-50,-58,-49,-40,159,17,41,71,35,64,10,-30,-41,-31,-34,-30,-4,29,43,45,36,30,8,-9,-2,-58,-38,-36,22,62,48,75,52,107,22,-24,-53,-65,-56,-40,-1,28,60,70,49,71,-11,-14,-24,-23,-29,-25,4,19,33,70,69,20,-7,-14,75,-39,-36,-26,74,52,50,73,45,46,6,-27,-47,-42,-23,56,-1,44,49,53,41,18,48,-19,-30,-5,-55,-28,-2,38,55,116,65,58,28,-17,-51,-59,-50,-38,-8,21,48,67,38,36,4,-24,-42,-54,-46,119,7,10,41,71,45,32,38,-19,-39,-26,-33,27,11,42,52,52,45,75,9,-7,-17,-7,-37,-11,17,25,43,79,46,46,2,-5,-40,-44,-30,-11,75,58,83,53,76,91,88,45,16,11,7,6,18,26,56,51,60,33,17,-16,-15,-30,7,67,7,48,54,51,53,61,26,5,-17,0,-38,-26,8,45,76,51,51,40,15,6,48,-36,-32,18,39,92,51,60,54,36,34,-11,-17,-32,-64,-30,27,42,61,51,53,54,41,2,-32,-21,15,21,22,49,64,56,50,78,22,27,11,-32,-34,-10,21,86,96,64,62,40,-16,-6,-56,-43,-47,-19,-6,25,54,52,21,41,-9,-5,-51,-40,-51,-7,9,39,36,41,16,-6,-21,-10,-46,-59,-58,-24,-19,19,28,56,52,39,-14,-9,-83,156,-8,-26,-40,52,110,43,57,55,11,1,-43,-23,-88,-95,-63,42,83,63,57,63,81,-35,-56,-50,-44,-72,18,113,222,67,135,-21,49,-57,-20,-85,-70,-54,-51,-28,103,103,9,90,22,-76,-82,-49,161,9,134,65,109,17,127,139,89,33,66,-39,-24,6,-4,52,55,72,170,182,129,47,110,-40,-16,15,-3,55,54,82,175,182,140,45,122,-27,3,40,8,55,54,83,175,182,126,26,123,-23,17,55,8,55,54,82,175,182,124,18,123,-21,31,72,8,55,54
"MARS_P",59,49,74,-9,-20,-36,-50,-62,-31,-1,22,37,52,44,23,-23,-17,-38,-33,-36,-23,4,12,72,77,72,37,35,9,37,-26,-29,-13,34,37,60,53,83,87,53,18,-7,-42,-38,-9,33,59,108,67,81,73,35,46,-39,51,-43,-21,-17,34,29,66,72,20,-5,-3,-20,0,13,-26,-1,87,49,50,40,29,-2,-18,-51,-50,38,-32,-1,37,60,86,68,50,44,-26,-32,-54,-49,20,18,35,51,60,46,27,8,-11,-34,-41,-27,-4,24,39,45,41,82,57,18,20,13,3,-26,1,34,32,61,52,54,39,12,63,-39,-48,-39,-30,167,23,45,72,39,69,18,-20,-31,-21,-24,-21,3,33,47,48,40,36,16,0,9,-48,-27,-26,30,67,50,78,54,111,29,-15,-43,-55,-46,-30,7,33,62,70,51,77,-3,-4,-13,-13,-18,-15,11,25,37,71,71,26,1,-5,85,-29,-26,-16,82,56,51,74,48,49,13,-17,-36,-32,-13,66,7,48,52,55,45,25,55,-9,-20,5,-45,-18,7,42,57,119,68,63,36,-7,-40,-48,-40,-28,0,27,52,70,41,40,13,-15,-32,-44,-36,128,14,17,44,71,47,37,44,-10,-29,-16,-23,35,18,45,52,52,47,77,16,1,-7,2,-28,-3,22,30,46,80,47,49,9,3,-30,-35,-21,-1,82,60,83,53,77,95,93,53,26,21,17,15,24,30,57,52,61,37,23,-7,-6,-20,17,76,14,50,54,52,53,62,27,6,-12,8,-29,-21,12,48,75,52,51,41,18,11,53,-29,-24,23,41,92,50,60,54,37,37,-10,-12,-24,-55,-24,30,42,61,52,54,55,45,10,-28,-15,22,28,24,49,65,56,50,79,25,31,11,-22,-24,-1,27,90,97,70,64,49,-9,3,-46,-33,-33,-6,6,28,54,43,25,47,-3,1,-42,-32,-37,5,15,45,42,36,43,16,3,13,-30,-44,-28,7,5,35,45,59,54,42,-6,0,-73,166,2,-16,-31,57,114,43,60,58,19,11,-33,-13,-78,-85,-54,46,87,64,57,68,89,-25,-45,-40,-34,-62,26,119,229,67,137,-14,57,-48,-10,-75,-60,-44,-42,-23,105,106,14,96,31,-66,-71,-40,171,19,141,67,109,22,130,139,97,42,75,-28,-13,16,4,53,55,78,173,182,137,56,119,-29,-5,25,5,55,54,87,177,182,147,54,130,-17,14,49,15,55,54,87,177,182,132,35,131,-14,27,65,15,55,54,87,177,182,130,27,131,-11,41,82,15,55,54
"GRSM_PK",89,51,111,76,28,8,3,-27,1,41,51,41,48,96,68,10,59,-13,0,-36,29,41,22,96,100,117,61,78,48,54,32,12,22,63,88,95,83,112,122,125,67,42,-15,0,28,99,94,126,69,114,94,76,80,8,50,9,-13,21,69,41,80,94,38,42,41,14,35,53,-16,42,107,53,58,70,62,5,44,-37,-5,33,20,43,81,110,98,101,102,111,15,20,-1,-29,57,28,85,80,72,61,43,51,22,-5,7,2,34,43,83,55,64,92,72,46,61,53,55,21,82,62,76,80,97,107,87,43,66,-21,23,23,-5,125,43,90,92,73,112,84,41,12,12,5,-2,10,70,101,83,76,77,83,71,57,5,27,20,71,118,84,103,84,132,67,36,-14,-18,-4,17,27,73,104,110,98,120,45,31,31,29,69,20,47,58,68,132,89,58,13,49,72,-2,17,26,89,83,54,125,81,86,46,10,-54,170,47,4,21,2,10,-1,83,89,89,13,194,-55,-28,69,79,53,31,56,6,65,72,-24,243,100,-35,-39,-7,54,193,83,131,59,29,112,112,0,-87,27,37,-3,-5,47,16,79,106,-40,95,36,-2,11,-21,69,30,70,107,15,43,45,72,52,14,47,-7,5,106,122,25,180,20,96,14,113,-19,30,131,166,119,100,140,37,149,46,51,146,92,38,10,178,72,64,67,145,50,104,128,95,43,184,76,116,114,63,86,114,105,41,69,48,23,-57,16,74,80,140,57,56,120,127,57,14,50,76,58,76,17,37,22,36,34,-31,41,41,-54,-43,-3,55,66,48,77,77,100,56,8,121,-11,6,15,46,136,164,44,31,42,146,72,169,91,91,95,75,0,120,86,92,29,38,-14,8,29,19,39,49,98,61,61,118,72,57,8,7,-12,57,54,92,95,84,57,61,64,63,7,18,8,54,44,36,87,142,79,85,73,79,48,86,24,9,24,80,108,78,76,73,60,29,2,3,36,20,60,88,67,70,69,55,82,6,11,14,16,71,90,112,116,75,110,31,41,71,13,1,34,0,19,37,78,94,39,79,91,95,13,6,67,-45,-20,24,48,108,151,155,121,104,32,29,75,-41,-17,30,48,123,153,155,121,100,27,35,76,-41,-18,34,48,136,154,155,129,109,32,49,84,-32,-9,36,48,136,154,155,130,110,28,54,85,-32,-8,36,48,136,154,155,130,110,23,57,84,-32,-8,36,48
"GRSM_ND",167,91,245,219,136,105,102,43,91,145,130,84,86,178,151,95,198,69,94,27,142,144,88,171,179,221,125,173,158,182,144,99,102,157,178,179,147,203,242,261,172,144,51,77,109,219,178,235,121,222,186,183,226,99,187,102,52,108,140,98,140,168,100,133,146,107,154,193,49,140,271,93,102,131,134,71,152,20,77,147,114,137,184,205,174,182,210,262,102,122,85,34,189,91,184,149,125,108,103,146,109,73,101,92,141,118,179,99,121,170,164,133,179,195,208,125,257,173,161,140,187,218,195,123,199,45,130,129,68,347,112,175,166,137,244,215,152,102,110,90,70,74,141,194,153,150,163,215,208,199,109,139,111,180,258,151,194,149,272,168,137,47,37,71,116,100,154,186,200,180,260,133,112,142,147,240,105,127,136,132,252,157,138,78,160,243,79,123,124,231,160,96,239,147,165,129,126,134,108,234,192,99,188,194,141,165,210,204,106,152,117,34,135,119,118,147,266,221,188,255,184,116,60,101,56,107,101,175,192,146,133,158,118,102,135,96,145,114,159,122,161,114,156,216,92,131,114,-13,200,-7,177,84,184,162,227,101,194,142,157,58,99,45,110,282,139,46,263,130,230,44,141,66,245,242,180,237,160,353,106,213,362,129,291,54,144,63,363,115,52,98,198,218,154,257,169,95,421,127,283,258,114,149,202,147,72,179,252,238,38,27,207,125,110,90,87,162,165,177,193,123,104,136,154,57,167,76,97,142,90,51,137,-7,40,113,145,194,165,227,223,144,102,44,213,111,50,93,99,251,161,70,160,199,304,99,111,77,212,174,160,137,222,150,188,109,143,60,102,144,113,127,111,174,106,119,258,192,179,97,104,62,189,148,201,186,154,113,162,174,201,91,125,97,180,129,82,169,297,143,159,190,228,183,352,130,92,104,161,210,136,142,148,167,127,88,90,156,118,187,171,129,122,120,121,197,82,117,127,121,221,199,257,264,131,204,96,123,200,85,96,163,69,69,76,139,180,94,169,244,280,103,97,241,3,33,65,84,227,319,319,316,300,125,134,261,12,38,65,84,274,319,319,318,297,119,144,263,13,40,65,84,294,319,319,318,304,117,162,272,21,43,65,84,294,319,319,318,304,108,169,272,21,43,65,84,294,319,319,318,304,100,174,272,21,43,65,84
"GRSM_CD",177,93,267,228,146,122,135,67,108,140,132,85,88,189,159,93,213,94,125,42,155,139,83,181,190,239,128,178,174,210,179,120,107,160,188,191,154,218,263,284,180,162,75,105,117,233,190,256,126,240,198,188,243,120,223,127,53,112,147,99,147,178,98,133,157,126,186,228,53,145,291,96,105,137,138,66,163,38,112,174,129,139,190,220,184,194,224,280,113,148,118,59,212,86,193,157,130,111,103,145,111,88,131,124,155,116,187,102,126,180,169,132,188,232,253,153,292,179,168,147,199,234,203,121,216,60,165,160,75,390,109,186,175,144,262,226,171,122,146,113,77,69,146,208,161,158,170,219,217,221,130,156,129,187,280,159,208,157,299,169,145,73,91,104,125,99,160,198,214,192,282,139,115,175,180,285,113,133,141,138,276,166,139,74,172,278,112,158,132,246,169,98,261,154,174,125,135,143,331,233,205,69,200,208,148,175,218,149,272,266,129,42,321,62,122,154,292,239,199,269,36,266,139,6,71,18,99,186,205,153,139,160,205,301,205,-3,191,122,161,126,170,118,162,201,185,120,174,54,182,-5,143,114,140,122,206,92,215,194,193,151,134,34,96,155,160,100,204,100,222,73,331,51,296,240,206,203,120,211,230,260,67,233,379,85,160,104,218,163,105,166,123,162,230,203,170,113,476,105,177,171,153,130,194,176,110,170,284,335,46,51,195,160,168,110,101,55,221,87,204,100,217,213,209,158,185,112,186,18,45,98,161,53,46,87,89,172,100,159,186,43,64,58,205,271,63,103,123,181,159,110,195,-11,408,177,370,180,297,273,217,290,240,158,198,109,157,87,141,184,130,127,112,185,110,123,280,202,194,124,141,88,213,148,212,198,162,117,165,179,225,107,166,121,201,129,82,179,330,150,168,197,248,217,440,156,102,101,170,226,142,149,155,170,137,111,112,185,134,179,181,139,127,125,132,220,95,137,148,143,257,243,272,281,137,219,96,123,216,126,123,203,97,92,94,152,191,93,176,264,316,121,130,294,9,26,65,86,245,357,357,344,332,126,147,307,10,28,66,86,301,357,357,343,328,116,154,306,9,28,66,86,326,357,357,348,336,114,170,314,17,33,66,86,326,357,357,348,336,106,178,314,17,34,66,86,326,357,357,348,336,96,184,314,17,34,66,86
